image_name,pixel_x,pixel_y,world_x,world_y,offset_x_mm
frame_0012.jpg,3150.201171875,1566.830078125,120.0,30.0,0
frame_0012.jpg,3100.87841796875,1597.0806884765625,150.0,30.0,0
frame_0012.jpg,3042.66748046875,1630.47705078125,180.0,30.0,0
frame_0012.jpg,2967.365966796875,1670.9171142578125,210.0,30.0,0
frame_0012.jpg,2872.00244140625,1718.4935302734375,240.0,30.0,0
frame_0012.jpg,2746.341064453125,1772.8118896484375,270.0,30.0,0
frame_0012.jpg,2582.076904296875,1833.9442138671875,300.0,30.0,0
frame_0012.jpg,2361.960693359375,1896.1123046875,330.0,30.0,0
frame_0012.jpg,2080.73291015625,1953.8182373046875,360.0,30.0,0
frame_0012.jpg,1744.3472900390625,1989.1112060546875,390.0,30.0,0
frame_0012.jpg,1388.6978759765625,1990.1611328125,420.0,30.0,0
frame_0012.jpg,1063.821533203125,1959.3912353515625,450.0,30.0,0
frame_0012.jpg,799.31298828125,1910.3466796875,480.0,30.0,0
frame_0012.jpg,594.6472778320312,1856.2657470703125,510.0,30.0,0
frame_0012.jpg,440.6651916503906,1804.7982177734375,540.0,30.0,0
frame_0012.jpg,323.8074951171875,1759.77978515625,570.0,30.0,0
frame_0012.jpg,233.1953582763672,1719.9744873046875,600.0,30.0,0
frame_0012.jpg,162.78292846679688,1685.669921875,630.0,30.0,0
frame_0012.jpg,105.4017562866211,1654.841552734375,660.0,30.0,0
frame_0012.jpg,3017.70458984375,1461.056396484375,150.0,60.0,0
frame_0012.jpg,2954.277587890625,1479.16650390625,180.0,60.0,0
frame_0012.jpg,2873.076416015625,1504.9254150390625,210.0,60.0,0
frame_0012.jpg,2772.94677734375,1530.1861572265625,240.0,60.0,0
frame_0012.jpg,2645.05908203125,1562.3856201171875,270.0,60.0,0
frame_0012.jpg,2482.72021484375,1594.977294921875,300.0,60.0,0
frame_0012.jpg,2275.357666015625,1629.114990234375,330.0,60.0,0
frame_0012.jpg,2018.8778076171875,1659.0653076171875,360.0,60.0,0
frame_0012.jpg,1721.9742431640625,1678.495849609375,390.0,60.0,0
frame_0012.jpg,1412.58349609375,1683.7171630859375,420.0,60.0,0
frame_0012.jpg,1125.72021484375,1671.4073486328125,450.0,60.0,0
frame_0012.jpg,882.1405639648438,1651.94482421875,480.0,60.0,0
frame_0012.jpg,686.707763671875,1626.252197265625,510.0,60.0,0
frame_0012.jpg,534.9324340820312,1602.8214111328125,540.0,60.0,0
frame_0012.jpg,413.8322448730469,1578.1805419921875,570.0,60.0,0
frame_0012.jpg,318.208251953125,1556.365478515625,600.0,60.0,0
frame_0012.jpg,242.8931884765625,1538.1981201171875,630.0,60.0,0
frame_0012.jpg,180.8190155029297,1521.45703125,660.0,60.0,0
frame_0012.jpg,129.76536560058594,1506.3419189453125,690.0,60.0,0
frame_0012.jpg,2931.22265625,1335.76513671875,150.0,90.0,0
frame_0012.jpg,2859.726806640625,1347.9710693359375,180.0,90.0,0
frame_0012.jpg,2775.886474609375,1356.177978515625,210.0,90.0,0
frame_0012.jpg,2670.20654296875,1370.686767578125,240.0,90.0,0
frame_0012.jpg,2542.72802734375,1382.1644287109375,270.0,90.0,0
frame_0012.jpg,2383.2109375,1398.38671875,300.0,90.0,0
frame_0012.jpg,2189.19287109375,1410.834228515625,330.0,90.0,0
frame_0012.jpg,1958.660888671875,1424.7611083984375,360.0,90.0,0
frame_0012.jpg,1700.6766357421875,1436.7962646484375,390.0,90.0,0
frame_0012.jpg,1434.6441650390625,1440.986572265625,420.0,90.0,0
frame_0012.jpg,1184.2938232421875,1442.4359130859375,450.0,90.0,0
frame_0012.jpg,963.1892700195312,1438.4461669921875,480.0,90.0,0
frame_0012.jpg,778.6640625,1432.74560546875,510.0,90.0,0
frame_0012.jpg,630.0010375976562,1427.108154296875,540.0,90.0,0
frame_0012.jpg,506.8240966796875,1419.18798828125,570.0,90.0,0
frame_0012.jpg,408.06842041015625,1412.7816162109375,600.0,90.0,0
frame_0012.jpg,327.5858154296875,1407.4068603515625,630.0,90.0,0
frame_0012.jpg,158.1292724609375,1390.259033203125,720.0,90.0,0
frame_0012.jpg,2906.897216796875,1227.710205078125,120.0,120.0,0
frame_0012.jpg,2843.953125,1229.132568359375,150.0,120.0,0
frame_0012.jpg,2767.880615234375,1231.8956298828125,180.0,120.0,0
frame_0012.jpg,2678.71728515625,1232.6297607421875,210.0,120.0,0
frame_0012.jpg,2573.735107421875,1233.904052734375,240.0,120.0,0
frame_0012.jpg,2445.8369140625,1237.783447265625,270.0,120.0,0
frame_0012.jpg,2292.831787109375,1240.1807861328125,300.0,120.0,0
frame_0012.jpg,2112.283203125,1244.408935546875,330.0,120.0,0
frame_0012.jpg,1906.60400390625,1249.674560546875,360.0,120.0,0
frame_0012.jpg,1682.7171630859375,1254.1669921875,390.0,120.0,0
frame_0012.jpg,1453.3780517578125,1258.7325439453125,420.0,120.0,0
frame_0012.jpg,1234.2403564453125,1265.0845947265625,450.0,120.0,0
frame_0012.jpg,1036.5706787109375,1272.1614990234375,480.0,120.0,0
frame_0012.jpg,864.2173461914062,1276.1868896484375,510.0,120.0,0
frame_0012.jpg,718.874267578125,1281.1136474609375,540.0,120.0,0
frame_0012.jpg,597.9063110351562,1285.4951171875,570.0,120.0,0
frame_0012.jpg,495.3121337890625,1287.7672119140625,600.0,120.0,0
frame_0012.jpg,411.7687683105469,1290.09716796875,630.0,120.0,0
frame_0012.jpg,228.61842346191406,1296.0865478515625,720.0,120.0,0
frame_0012.jpg,2681.635009765625,1130.614990234375,180.0,150.0,0
frame_0012.jpg,2591.2275390625,1125.1251220703125,210.0,150.0,0
frame_0012.jpg,2483.8603515625,1120.5751953125,240.0,150.0,0
frame_0012.jpg,2359.81103515625,1116.3970947265625,270.0,150.0,0
frame_0012.jpg,2214.279541015625,1113.234375,300.0,150.0,0
frame_0012.jpg,2049.0859375,1110.30859375,330.0,150.0,0
frame_0012.jpg,1864.630126953125,1111.3841552734375,360.0,150.0,0
frame_0012.jpg,1668.169677734375,1114.42138671875,390.0,150.0,0
frame_0012.jpg,1468.0743408203125,1120.5408935546875,420.0,150.0,0
frame_0012.jpg,1275.0347900390625,1128.636962890625,450.0,150.0,0
frame_0012.jpg,1096.26416015625,1138.3662109375,480.0,150.0,0
frame_0012.jpg,937.223876953125,1150.016357421875,510.0,150.0,0
frame_0012.jpg,799.71630859375,1160.397216796875,540.0,150.0,0
frame_0012.jpg,680.8598022460938,1171.4503173828125,570.0,150.0,0
frame_0012.jpg,578.738525390625,1180.48046875,600.0,150.0,0
frame_0012.jpg,492.6920166015625,1190.1837158203125,630.0,150.0,0
frame_0012.jpg,417.8097839355469,1197.2154541015625,660.0,150.0,0
frame_0012.jpg,354.9090270996094,1205.0382080078125,690.0,150.0,0
frame_0012.jpg,301.47186279296875,1208.087158203125,720.0,150.0,0
frame_0012.jpg,2602.14404296875,1041.9132080078125,180.0,180.0,0
frame_0012.jpg,2510.3955078125,1033.0982666015625,210.0,180.0,0
frame_0012.jpg,2405.075439453125,1024.173828125,240.0,180.0,0
frame_0012.jpg,2285.260986328125,1016.722900390625,270.0,180.0,0
frame_0012.jpg,2148.56103515625,1009.910888671875,300.0,180.0,0
frame_0012.jpg,1996.0634765625,1006.4533081054688,330.0,180.0,0
frame_0012.jpg,1830.592529296875,1004.5099487304688,360.0,180.0,0
frame_0012.jpg,1656.0704345703125,1006.7654418945312,390.0,180.0,0
frame_0012.jpg,1479.71728515625,1011.0198364257812,420.0,180.0,0
frame_0012.jpg,1308.174072265625,1020.5136108398438,450.0,180.0,0
frame_0012.jpg,1146.76904296875,1032.185791015625,480.0,180.0,0
frame_0012.jpg,999.8212280273438,1044.713134765625,510.0,180.0,0
frame_0012.jpg,868.8513793945312,1058.9688720703125,540.0,180.0,0
frame_0012.jpg,753.2837524414062,1072.913330078125,570.0,180.0,0
frame_0012.jpg,653.1203002929688,1087.33447265625,600.0,180.0,0
frame_0012.jpg,566.643310546875,1100.1771240234375,630.0,180.0,0
frame_0012.jpg,491.3916931152344,1112.6405029296875,660.0,180.0,0
frame_0012.jpg,2607.892333984375,981.8135986328125,150.0,210.0,0
frame_0012.jpg,2526.718505859375,971.1895141601562,180.0,210.0,0
frame_0012.jpg,2435.699951171875,960.1983642578125,210.0,210.0,0
frame_0012.jpg,2332.840576171875,952.3860473632812,240.0,210.0,0
frame_0012.jpg,2216.62158203125,944.8073120117188,270.0,210.0,0
frame_0012.jpg,2090.42626953125,934.1389770507812,300.0,210.0,0
frame_0012.jpg,1951.611572265625,927.4652099609375,330.0,210.0,0
frame_0012.jpg,1801.8642578125,927.9415893554688,360.0,210.0,0
frame_0012.jpg,1646.67041015625,928.9157104492188,390.0,210.0,0
frame_0012.jpg,1489.900634765625,935.988525390625,420.0,210.0,0
frame_0012.jpg,1337.11083984375,945.730712890625,450.0,210.0,0
frame_0012.jpg,1191.2342529296875,956.2887573242188,480.0,210.0,0
frame_0012.jpg,1055.5272216796875,968.371826171875,510.0,210.0,0
frame_0012.jpg,932.317626953125,982.1414794921875,540.0,210.0,0
frame_0012.jpg,821.1742553710938,996.1954956054688,570.0,210.0,0
frame_0012.jpg,723.3331298828125,1011.8698120117188,600.0,210.0,0
frame_0012.jpg,637.2791137695312,1026.6160888671875,630.0,210.0,0
frame_0012.jpg,559.5530395507812,1039.9595947265625,660.0,210.0,0
frame_0012.jpg,2605.3212890625,934.2100830078125,120.0,240.0,0
frame_0012.jpg,2536.94287109375,923.72607421875,150.0,240.0,0
frame_0012.jpg,2457.571044921875,912.3771362304688,180.0,240.0,0
frame_0012.jpg,2368.71923828125,902.13623046875,210.0,240.0,0
frame_0012.jpg,2268.396484375,892.4091186523438,240.0,240.0,0
frame_0012.jpg,2161.295654296875,882.1787719726562,270.0,240.0,0
frame_0012.jpg,2041.5460205078125,873.1013793945312,300.0,240.0,0
frame_0012.jpg,1913.5244140625,868.7264404296875,330.0,240.0,0
frame_0012.jpg,1778.4075927734375,866.3509521484375,360.0,240.0,0
frame_0012.jpg,1638.573486328125,868.6360473632812,390.0,240.0,0
frame_0012.jpg,1497.9093017578125,873.6463012695312,420.0,240.0,0
frame_0012.jpg,1359.8343505859375,881.5972900390625,450.0,240.0,0
frame_0012.jpg,1227.5145263671875,894.0182495117188,480.0,240.0,0
frame_0012.jpg,1102.017578125,905.7821655273438,510.0,240.0,0
frame_0012.jpg,987.9552612304688,921.7997436523438,540.0,240.0,0
frame_0012.jpg,882.7809448242188,936.1898803710938,570.0,240.0,0
frame_0012.jpg,787.6661376953125,951.2182006835938,600.0,240.0,0
frame_0012.jpg,702.3802490234375,964.6484985351562,630.0,240.0,0
frame_0012.jpg,625.4006958007812,981.273193359375,660.0,240.0,0
frame_0012.jpg,558.2758178710938,993.662353515625,690.0,240.0,0
frame_0012.jpg,2545.884765625,883.9635009765625,120.0,270.0,0
frame_0012.jpg,2475.065185546875,872.393310546875,150.0,270.0,0
frame_0012.jpg,2396.291748046875,860.9061889648438,180.0,270.0,0
frame_0012.jpg,2309.912841796875,848.9382934570312,210.0,270.0,0
frame_0012.jpg,2215.453369140625,840.2364501953125,240.0,270.0,0
frame_0012.jpg,2112.408447265625,829.8578491210938,270.0,270.0,0
frame_0012.jpg,2000.5634765625,824.81640625,300.0,270.0,0
frame_0012.jpg,1882.5555419921875,819.7129516601562,330.0,270.0,0
frame_0012.jpg,1759.088134765625,817.6615600585938,360.0,270.0,0
frame_0012.jpg,1632.1678466796875,818.4662475585938,390.0,270.0,0
frame_0012.jpg,1504.4793701171875,823.2213134765625,420.0,270.0,0
frame_0012.jpg,1378.8912353515625,829.9835205078125,450.0,270.0,0
frame_0012.jpg,1257.6177978515625,840.2542114257812,480.0,270.0,0
frame_0012.jpg,1141.6820068359375,851.9879760742188,510.0,270.0,0
frame_0012.jpg,1034.787109375,865.6536865234375,540.0,270.0,0
frame_0012.jpg,933.5164184570312,881.1074829101562,570.0,270.0,0
frame_0012.jpg,842.932373046875,896.032470703125,600.0,270.0,0
frame_0012.jpg,759.8585205078125,912.1195068359375,630.0,270.0,0
frame_0012.jpg,685.603759765625,926.0156860351562,660.0,270.0,0
frame_0012.jpg,615.2946166992188,942.017578125,690.0,270.0,0
frame_0012.jpg,553.3739013671875,953.5004272460938,720.0,270.0,0
frame_0012.jpg,2419.002685546875,826.3807983398438,150.0,300.0,0
frame_0012.jpg,2342.484375,815.76416015625,180.0,300.0,0
frame_0012.jpg,2258.632080078125,804.6725463867188,210.0,300.0,0
frame_0012.jpg,2166.3095703125,794.5654296875,240.0,300.0,0
frame_0012.jpg,2069.921875,786.5120849609375,270.0,300.0,0
frame_0012.jpg,1962.7828369140625,781.1317749023438,300.0,300.0,0
frame_0012.jpg,1856.2218017578125,776.6838989257812,330.0,300.0,0
frame_0012.jpg,1743.12548828125,773.683837890625,360.0,300.0,0
frame_0012.jpg,1626.6273193359375,774.8936157226562,390.0,300.0,0
frame_0012.jpg,1509.9530029296875,780.4590454101562,420.0,300.0,0
frame_0012.jpg,1394.9566650390625,786.4691162109375,450.0,300.0,0
frame_0012.jpg,1283.1461181640625,796.7189331054688,480.0,300.0,0
frame_0012.jpg,1175.1917724609375,806.5855102539062,510.0,300.0,0
frame_0012.jpg,1074.6473388671875,821.5314331054688,540.0,300.0,0
frame_0012.jpg,979.6858520507812,834.6217041015625,570.0,300.0,0
frame_0012.jpg,891.6648559570312,849.6801147460938,600.0,300.0,0
frame_0012.jpg,810.215087890625,863.9976806640625,630.0,300.0,0
frame_0012.jpg,737.3741455078125,879.9349975585938,660.0,300.0,0
frame_0012.jpg,2369.161376953125,785.92919921875,150.0,330.0,0
frame_0012.jpg,2293.108154296875,774.6451416015625,180.0,330.0,0
frame_0012.jpg,2213.4541015625,764.3667602539062,210.0,330.0,0
frame_0012.jpg,2125.941162109375,755.97216796875,240.0,330.0,0
frame_0012.jpg,2032.6546630859375,750.130126953125,270.0,330.0,0
frame_0012.jpg,1935.779052734375,742.7503662109375,300.0,330.0,0
frame_0012.jpg,1834.277099609375,737.8928833007812,330.0,330.0,0
frame_0012.jpg,1728.9947509765625,736.4531860351562,360.0,330.0,0
frame_0012.jpg,1621.907958984375,737.9866333007812,390.0,330.0,0
frame_0012.jpg,1514.320068359375,743.3544921875,420.0,330.0,0
frame_0012.jpg,1408.54638671875,750.3429565429688,450.0,330.0,0
frame_0012.jpg,1302.7991943359375,758.0978393554688,480.0,330.0,0
frame_0012.jpg,1204.398681640625,768.177490234375,510.0,330.0,0
frame_0012.jpg,1108.955078125,780.0307006835938,540.0,330.0,0
frame_0012.jpg,1019.8043212890625,795.4619750976562,570.0,330.0,0
frame_0012.jpg,935.252197265625,808.0645141601562,600.0,330.0,0
frame_0012.jpg,857.4197387695312,823.9489135742188,630.0,330.0,0
frame_0012.jpg,783.9110107421875,838.1005859375,660.0,330.0,0
frame_0012.jpg,2322.032958984375,752.1062622070312,150.0,360.0,0
frame_0012.jpg,2251.11669921875,741.9092407226562,180.0,360.0,0
frame_0012.jpg,1814.7564697265625,706.72705078125,330.0,360.0,0
frame_0012.jpg,1717.1563720703125,706.4501953125,360.0,360.0,0
frame_0012.jpg,1617.871337890625,707.9755859375,390.0,360.0,0
frame_0012.jpg,1518.2459716796875,712.1813354492188,420.0,360.0,0
frame_0012.jpg,1419.332275390625,718.3748779296875,450.0,360.0,0
frame_0012.jpg,1323.781005859375,727.613525390625,480.0,360.0,0
frame_0012.jpg,1229.279296875,736.3775634765625,510.0,360.0,0
frame_0012.jpg,1140.0816650390625,746.1090087890625,540.0,360.0,0
frame_0012.jpg,1053.56103515625,760.4619140625,570.0,360.0,0
frame_0012.jpg,975.1004028320312,775.5029296875,600.0,360.0,0
frame_0013.jpg,3133.526123046875,1596.2308349609375,600.0,30.0,240
frame_0013.jpg,3083.0302734375,1624.1927490234375,630.0,30.0,240
frame_0013.jpg,3021.05126953125,1656.69775390625,660.0,30.0,240
frame_0013.jpg,2945.142578125,1694.8814697265625,690.0,30.0,240
frame_0013.jpg,2846.328857421875,1740.03515625,720.0,30.0,240
frame_0013.jpg,2718.22314453125,1791.00048828125,750.0,30.0,240
frame_0013.jpg,2548.498046875,1846.35693359375,780.0,30.0,240
frame_0013.jpg,2320.946533203125,1905.9296875,810.0,30.0,240
frame_0013.jpg,2029.2459716796875,1956.279541015625,840.0,30.0,240
frame_0013.jpg,1682.9794921875,1982.78271484375,870.0,30.0,240
frame_0013.jpg,1324.42138671875,1973.87451171875,900.0,30.0,240
frame_0013.jpg,1001.60791015625,1932.4398193359375,930.0,30.0,240
frame_0013.jpg,743.925048828125,1877.711669921875,960.0,30.0,240
frame_0013.jpg,552.8720092773438,1823.84033203125,990.0,30.0,240
frame_0013.jpg,407.29266357421875,1771.9105224609375,1020.0,30.0,240
frame_0013.jpg,3057.441162109375,1467.0439453125,600.0,60.0,240
frame_0013.jpg,3001.706787109375,1483.44189453125,630.0,60.0,240
frame_0013.jpg,2934.381591796875,1503.1033935546875,660.0,60.0,240
frame_0013.jpg,2854.06298828125,1524.367919921875,690.0,60.0,240
frame_0013.jpg,2749.125244140625,1548.6455078125,720.0,60.0,240
frame_0013.jpg,2619.59033203125,1575.4820556640625,750.0,60.0,240
frame_0013.jpg,2450.463623046875,1604.859130859375,780.0,60.0,240
frame_0013.jpg,2237.8115234375,1632.4453125,810.0,60.0,240
frame_0013.jpg,1974.7041015625,1654.348388671875,840.0,60.0,240
frame_0013.jpg,1671.0074462890625,1668.5013427734375,870.0,60.0,240
frame_0013.jpg,1360.0511474609375,1664.397705078125,900.0,60.0,240
frame_0013.jpg,1074.0191650390625,1647.041015625,930.0,60.0,240
frame_0013.jpg,834.0771484375,1620.419677734375,960.0,60.0,240
frame_0013.jpg,644.2183227539062,1592.358642578125,990.0,60.0,240
frame_0013.jpg,501.094482421875,1570.4554443359375,1020.0,60.0,240
frame_0013.jpg,2844.827880859375,1365.8115234375,660.0,90.0,240
frame_0013.jpg,2756.781982421875,1374.056640625,690.0,90.0,240
frame_0013.jpg,2650.826416015625,1382.931884765625,720.0,90.0,240
frame_0013.jpg,2518.850830078125,1392.61572265625,750.0,90.0,240
frame_0013.jpg,2355.84375,1404.206298828125,780.0,90.0,240
frame_0013.jpg,2157.41650390625,1411.72607421875,810.0,90.0,240
frame_0013.jpg,1921.1572265625,1420.365966796875,840.0,90.0,240
frame_0013.jpg,1660.1376953125,1425.195068359375,870.0,90.0,240
frame_0013.jpg,1392.859130859375,1422.72216796875,900.0,90.0,240
frame_0013.jpg,1143.069091796875,1421.7109375,930.0,90.0,240
frame_0013.jpg,924.9544677734375,1413.682861328125,960.0,90.0,240
frame_0013.jpg,745.6694946289062,1406.354736328125,990.0,90.0,240
frame_0013.jpg,596.0183715820312,1393.1558837890625,1020.0,90.0,240
frame_0013.jpg,2753.947509765625,1245.4835205078125,660.0,120.0,240
frame_0013.jpg,2664.58837890625,1245.8773193359375,690.0,120.0,240
frame_0013.jpg,2554.7958984375,1245.621337890625,720.0,120.0,240
frame_0013.jpg,2423.8994140625,1244.0689697265625,750.0,120.0,240
frame_0013.jpg,2268.70947265625,1243.0135498046875,780.0,120.0,240
frame_0013.jpg,2084.76953125,1243.79736328125,810.0,120.0,240
frame_0013.jpg,1875.9307861328125,1241.780517578125,840.0,120.0,240
frame_0013.jpg,1649.1312255859375,1242.7197265625,870.0,120.0,240
frame_0013.jpg,1419.707275390625,1244.188232421875,900.0,120.0,240
frame_0013.jpg,1199.9884033203125,1245.650146484375,930.0,120.0,240
frame_0013.jpg,1003.9569091796875,1248.780029296875,960.0,120.0,240
frame_0013.jpg,835.7630615234375,1252.2935791015625,990.0,120.0,240
frame_0013.jpg,694.0455322265625,1257.09326171875,1020.0,120.0,240
frame_0013.jpg,2817.659423828125,1154.0059814453125,600.0,150.0,240
frame_0013.jpg,2748.39599609375,1147.225341796875,630.0,150.0,240
frame_0013.jpg,2670.33544921875,1142.829345703125,660.0,150.0,240
frame_0013.jpg,2577.06884765625,1134.718017578125,690.0,150.0,240
frame_0013.jpg,2468.58984375,1128.6024169921875,720.0,150.0,240
frame_0013.jpg,2341.284912109375,1122.41357421875,750.0,150.0,240
frame_0013.jpg,2193.250732421875,1116.4735107421875,780.0,150.0,240
frame_0013.jpg,2024.95458984375,1111.810546875,810.0,150.0,240
frame_0013.jpg,1838.6492919921875,1108.4188232421875,840.0,150.0,240
frame_0013.jpg,1640.59033203125,1108.4700927734375,870.0,150.0,240
frame_0013.jpg,1440.767333984375,1109.1187744140625,900.0,150.0,240
frame_0013.jpg,1248.1502685546875,1115.595947265625,930.0,150.0,240
frame_0013.jpg,1070.9722900390625,1120.9034423828125,960.0,150.0,240
frame_0013.jpg,913.3643798828125,1129.857421875,990.0,150.0,240
frame_0013.jpg,778.347412109375,1140.4915771484375,1020.0,150.0,240
frame_0013.jpg,2672.926513671875,1061.8475341796875,630.0,180.0,240
frame_0013.jpg,2590.860595703125,1050.2696533203125,660.0,180.0,240
frame_0013.jpg,2498.0908203125,1040.9996337890625,690.0,180.0,240
frame_0013.jpg,2390.943359375,1030.1986083984375,720.0,180.0,240
frame_0013.jpg,2269.0478515625,1020.836669921875,750.0,180.0,240
frame_0013.jpg,2130.704833984375,1012.240966796875,780.0,180.0,240
frame_0013.jpg,1976.1365966796875,1005.6458129882812,810.0,180.0,240
frame_0013.jpg,1808.958740234375,1001.6653442382812,840.0,180.0,240
frame_0013.jpg,1633.9188232421875,1001.6224975585938,870.0,180.0,240
frame_0013.jpg,1457.8203125,1004.6835327148438,900.0,180.0,240
frame_0013.jpg,1286.3397216796875,1010.671875,930.0,180.0,240
frame_0013.jpg,1126.8099365234375,1020.98388671875,960.0,180.0,240
frame_0013.jpg,981.658935546875,1031.2813720703125,990.0,180.0,240
frame_0013.jpg,853.0479125976562,1045.1689453125,1020.0,180.0,240
frame_0013.jpg,2599.53955078125,990.8670654296875,630.0,210.0,240
frame_0013.jpg,2516.542236328125,981.1173095703125,660.0,210.0,240
frame_0013.jpg,2424.246337890625,970.4376831054688,690.0,210.0,240
frame_0013.jpg,2320.8046875,958.8935546875,720.0,210.0,240
frame_0013.jpg,2204.062255859375,946.5914916992188,750.0,210.0,240
frame_0013.jpg,2075.36962890625,936.7601928710938,780.0,210.0,240
frame_0013.jpg,1934.289306640625,927.774658203125,810.0,210.0,240
frame_0013.jpg,1784.04736328125,923.9609985351562,840.0,210.0,240
frame_0013.jpg,1628.10009765625,923.0717163085938,870.0,210.0,240
frame_0013.jpg,1471.073486328125,924.8566284179688,900.0,210.0,240
frame_0013.jpg,1318.2457275390625,931.2657470703125,930.0,210.0,240
frame_0013.jpg,1172.410888671875,939.70166015625,960.0,210.0,240
frame_0013.jpg,1038.556640625,950.86181640625,990.0,210.0,240
frame_0013.jpg,916.5426635742188,963.9468383789062,1020.0,210.0,240
frame_0013.jpg,2602.156494140625,941.2288208007812,600.0,240.0,240
frame_0013.jpg,2530.86328125,931.9773559570312,630.0,240.0,240
frame_0013.jpg,2449.45947265625,919.0598754882812,660.0,240.0,240
frame_0013.jpg,2360.099365234375,907.6804809570312,690.0,240.0,240
frame_0013.jpg,2258.18603515625,896.5271606445312,720.0,240.0,240
frame_0013.jpg,2148.907470703125,885.72607421875,750.0,240.0,240
frame_0013.jpg,2028.17919921875,878.065185546875,780.0,240.0,240
frame_0013.jpg,1899.1851806640625,870.7828369140625,810.0,240.0,240
frame_0013.jpg,1763.3363037109375,866.05908203125,840.0,240.0,240
frame_0013.jpg,1623.0035400390625,862.9119262695312,870.0,240.0,240
frame_0013.jpg,1482.926025390625,866.841552734375,900.0,240.0,240
frame_0013.jpg,1344.91455078125,872.8413696289062,930.0,240.0,240
frame_0013.jpg,1212.786865234375,882.2778930664062,960.0,240.0,240
frame_0013.jpg,1088.6890869140625,891.786865234375,990.0,240.0,240
frame_0013.jpg,974.0905151367188,904.953125,1020.0,240.0,240
frame_0013.jpg,2541.082275390625,892.917236328125,600.0,270.0,240
frame_0013.jpg,2470.16796875,880.052490234375,630.0,270.0,240
frame_0013.jpg,2390.307373046875,867.9303588867188,660.0,270.0,240
frame_0013.jpg,2302.060302734375,854.2998046875,690.0,270.0,240
frame_0013.jpg,2206.392578125,844.0161743164062,720.0,270.0,240
frame_0013.jpg,2101.880126953125,832.5236206054688,750.0,270.0,240
frame_0013.jpg,1990.120361328125,824.4461669921875,780.0,270.0,240
frame_0013.jpg,1871.151611328125,818.185791015625,810.0,270.0,240
frame_0013.jpg,1746.718994140625,814.760498046875,840.0,270.0,240
frame_0013.jpg,1619.259033203125,814.3082275390625,870.0,270.0,240
frame_0013.jpg,1491.841552734375,816.0558471679688,900.0,270.0,240
frame_0013.jpg,1366.0443115234375,821.1466674804688,930.0,270.0,240
frame_0013.jpg,1244.560302734375,828.456298828125,960.0,270.0,240
frame_0013.jpg,1129.7471923828125,838.7550659179688,990.0,270.0,240
frame_0013.jpg,1022.6626586914062,852.0198974609375,1020.0,270.0,240
frame_0013.jpg,2414.171875,833.1135864257812,630.0,300.0,240
frame_0013.jpg,2335.746826171875,822.1040649414062,660.0,300.0,240
frame_0013.jpg,2251.923583984375,809.7781982421875,690.0,300.0,240
frame_0013.jpg,2158.28369140625,799.5084228515625,720.0,300.0,240
frame_0013.jpg,2061.173095703125,788.4789428710938,750.0,300.0,240
frame_0013.jpg,1953.9285888671875,783.0947875976562,780.0,300.0,240
frame_0013.jpg,1846.8692626953125,776.1856079101562,810.0,300.0,240
frame_0013.jpg,1732.6253662109375,772.2418823242188,840.0,300.0,240
frame_0013.jpg,1616.1397705078125,770.6866455078125,870.0,300.0,240
frame_0013.jpg,1499.5540771484375,774.0712890625,900.0,300.0,240
frame_0013.jpg,1384.6875,780.0928955078125,930.0,300.0,240
frame_0013.jpg,1272.7615966796875,786.2220458984375,960.0,300.0,240
frame_0013.jpg,1167.7607421875,797.2583618164062,990.0,300.0,240
frame_0013.jpg,1065.039306640625,808.046142578125,1020.0,300.0,240
frame_0013.jpg,2289.006103515625,782.0213623046875,660.0,330.0,240
frame_0013.jpg,2206.193603515625,770.2723388671875,690.0,330.0,240
frame_0013.jpg,2119.532470703125,760.1926879882812,720.0,330.0,240
frame_0013.jpg,2022.2822265625,751.4144287109375,750.0,330.0,240
frame_0013.jpg,1928.7750244140625,743.6881713867188,780.0,330.0,240
frame_0013.jpg,1826.0142822265625,740.226806640625,810.0,330.0,240
frame_0013.jpg,1720.6300048828125,736.3555908203125,840.0,330.0,240
frame_0013.jpg,1613.1209716796875,736.2903442382812,870.0,330.0,240
frame_0013.jpg,1506.0087890625,739.6251831054688,900.0,330.0,240
frame_0013.jpg,1399.8697509765625,744.2496948242188,930.0,330.0,240
frame_0013.jpg,1298.9202880859375,751.2208862304688,960.0,330.0,240
frame_0013.jpg,1197.087646484375,760.8048706054688,990.0,330.0,240
frame_0013.jpg,1102.5518798828125,771.9649047851562,1020.0,330.0,240
frame_0013.jpg,2246.8125,745.7742919921875,660.0,360.0,240
frame_0013.jpg,2167.185546875,736.9088745117188,690.0,360.0,240
frame_0013.jpg,2078.0576171875,729.784423828125,720.0,360.0,240
frame_0013.jpg,1995.8541259765625,719.9598999023438,750.0,360.0,240
frame_0013.jpg,1901.81787109375,711.8443603515625,780.0,360.0,240
frame_0013.jpg,1808.3648681640625,708.3554077148438,810.0,360.0,240
frame_0013.jpg,1710.4544677734375,708.1795043945312,840.0,360.0,240
frame_0013.jpg,1610.5616455078125,705.974609375,870.0,360.0,240
frame_0013.jpg,1511.663330078125,709.9328002929688,900.0,360.0,240
frame_0013.jpg,1411.6282958984375,713.893798828125,930.0,360.0,240
frame_0013.jpg,1316.87255859375,720.4722290039062,960.0,360.0,240
frame_0013.jpg,1223.727783203125,727.961669921875,990.0,360.0,240
frame_0013.jpg,1134.8250732421875,740.1874389648438,1020.0,360.0,240
frame_0014.jpg,2810.2880859375,1763.677978515625,-210.0,30.0,-240
frame_0014.jpg,2663.879150390625,1818.197265625,-180.0,30.0,-240
frame_0014.jpg,2460.852294921875,1879.7386474609375,-150.0,30.0,-240
frame_0014.jpg,2199.027587890625,1936.3388671875,-120.0,30.0,-240
frame_0014.jpg,1868.4071044921875,1978.752197265625,-90.0,30.0,-240
frame_0014.jpg,1506.8663330078125,1988.28515625,-60.0,30.0,-240
frame_0014.jpg,1162.758544921875,1962.1593017578125,-30.0,30.0,-240
frame_0014.jpg,877.5578002929688,1913.98046875,0.0,30.0,-240
frame_0014.jpg,656.8826293945312,1858.839599609375,30.0,30.0,-240
frame_0014.jpg,490.0015869140625,1804.35888671875,60.0,30.0,-240
frame_0014.jpg,365.890380859375,1756.5286865234375,90.0,30.0,-240
frame_0014.jpg,269.6767272949219,1714.710205078125,120.0,30.0,-240
frame_0014.jpg,194.36398315429688,1678.05810546875,150.0,30.0,-240
frame_0014.jpg,135.25662231445312,1646.1375732421875,180.0,30.0,-240
frame_0014.jpg,2710.087646484375,1558.5640869140625,-210.0,60.0,-240
frame_0014.jpg,2564.009033203125,1583.95947265625,-180.0,60.0,-240
frame_0014.jpg,2369.314453125,1617.0526123046875,-150.0,60.0,-240
frame_0014.jpg,2125.525390625,1646.0380859375,-120.0,60.0,-240
frame_0014.jpg,1834.7320556640625,1668.352294921875,-90.0,60.0,-240
frame_0014.jpg,1520.8255615234375,1672.40771484375,-60.0,60.0,-240
frame_0014.jpg,1220.1397705078125,1665.2767333984375,-30.0,60.0,-240
frame_0014.jpg,959.3029174804688,1644.6722412109375,0.0,60.0,-240
frame_0014.jpg,751.4673461914062,1621.1978759765625,30.0,60.0,-240
frame_0014.jpg,587.4080810546875,1594.4990234375,60.0,60.0,-240
frame_0014.jpg,459.3966369628906,1570.283935546875,90.0,60.0,-240
frame_0014.jpg,359.2782287597656,1547.7672119140625,120.0,60.0,-240
frame_0014.jpg,278.9171142578125,1528.3521728515625,150.0,60.0,-240
frame_0014.jpg,214.70404052734375,1511.5401611328125,180.0,60.0,-240
frame_0014.jpg,160.13272094726562,1495.4814453125,210.0,60.0,-240
frame_0014.jpg,2608.992919921875,1381.0281982421875,-210.0,90.0,-240
frame_0014.jpg,2457.3935546875,1396.1129150390625,-180.0,90.0,-240
frame_0014.jpg,2275.237548828125,1406.3880615234375,-150.0,90.0,-240
frame_0014.jpg,2053.002685546875,1420.0838623046875,-120.0,90.0,-240
frame_0014.jpg,1801.997802734375,1423.3155517578125,-90.0,90.0,-240
frame_0014.jpg,1533.3475341796875,1431.2982177734375,-60.0,90.0,-240
frame_0014.jpg,1272.4195556640625,1429.359619140625,-30.0,90.0,-240
frame_0014.jpg,1040.8739013671875,1428.1507568359375,0.0,90.0,-240
frame_0014.jpg,843.4813232421875,1421.780517578125,30.0,90.0,-240
frame_0014.jpg,685.0970458984375,1415.7508544921875,60.0,90.0,-240
frame_0014.jpg,555.4030151367188,1406.975341796875,90.0,90.0,-240
frame_0014.jpg,451.24053955078125,1400.3717041015625,120.0,90.0,-240
frame_0014.jpg,367.4853210449219,1395.1141357421875,150.0,90.0,-240
frame_0014.jpg,295.6476135253906,1387.972412109375,180.0,90.0,-240
frame_0014.jpg,238.16494750976562,1383.0416259765625,210.0,90.0,-240
frame_0014.jpg,2506.690185546875,1244.7958984375,-210.0,120.0,-240
frame_0014.jpg,2362.6337890625,1243.97705078125,-180.0,120.0,-240
frame_0014.jpg,2191.2353515625,1245.0240478515625,-150.0,120.0,-240
frame_0014.jpg,1993.748779296875,1241.3511962890625,-120.0,120.0,-240
frame_0014.jpg,1772.9173583984375,1244.6961669921875,-90.0,120.0,-240
frame_0014.jpg,1542.2802734375,1250.93212890625,-60.0,120.0,-240
frame_0014.jpg,1316.793701171875,1254.3975830078125,-30.0,120.0,-240
frame_0014.jpg,1109.7769775390625,1258.4488525390625,0.0,120.0,-240
frame_0014.jpg,929.3949584960938,1264.0333251953125,30.0,120.0,-240
frame_0014.jpg,776.2144775390625,1267.9266357421875,60.0,120.0,-240
frame_0014.jpg,648.2637329101562,1271.9034423828125,90.0,120.0,-240
frame_0014.jpg,542.7445068359375,1275.4703369140625,120.0,120.0,-240
frame_0014.jpg,453.0479431152344,1277.599853515625,150.0,120.0,-240
frame_0014.jpg,378.8280029296875,1278.711669921875,180.0,120.0,-240
frame_0014.jpg,316.03448486328125,1280.7117919921875,210.0,120.0,-240
frame_0014.jpg,2419.371826171875,1126.037841796875,-210.0,150.0,-240
frame_0014.jpg,2281.4853515625,1120.893798828125,-180.0,150.0,-240
frame_0014.jpg,2122.64794921875,1114.1605224609375,-150.0,150.0,-240
frame_0014.jpg,1944.2529296875,1107.606689453125,-120.0,150.0,-240
frame_0014.jpg,1749.9537353515625,1106.76806640625,-90.0,150.0,-240
frame_0014.jpg,1548.857177734375,1113.317626953125,-60.0,150.0,-240
frame_0014.jpg,1351.87353515625,1118.2728271484375,-30.0,150.0,-240
frame_0014.jpg,1167.2528076171875,1126.4891357421875,0.0,150.0,-240
frame_0014.jpg,1001.3460693359375,1136.1556396484375,30.0,150.0,-240
frame_0014.jpg,855.8175659179688,1146.135986328125,60.0,150.0,-240
frame_0014.jpg,731.169189453125,1154.915771484375,90.0,150.0,-240
frame_0014.jpg,624.8548583984375,1164.9029541015625,120.0,150.0,-240
frame_0014.jpg,534.6505126953125,1173.3388671875,150.0,150.0,-240
frame_0014.jpg,456.5868835449219,1182.12158203125,180.0,150.0,-240
frame_0014.jpg,390.0131530761719,1189.4185791015625,210.0,150.0,-240
frame_0014.jpg,334.70721435546875,1192.1807861328125,240.0,150.0,-240
frame_0014.jpg,2343.11767578125,1028.3341064453125,-210.0,180.0,-240
frame_0014.jpg,2212.848876953125,1018.1757202148438,-180.0,180.0,-240
frame_0014.jpg,2065.372314453125,1010.115234375,-150.0,180.0,-240
frame_0014.jpg,1903.2730712890625,1004.245849609375,-120.0,180.0,-240
frame_0014.jpg,1731.0963134765625,1005.0606079101562,-90.0,180.0,-240
frame_0014.jpg,1554.385009765625,1006.3541259765625,-60.0,180.0,-240
frame_0014.jpg,1379.798095703125,1012.1253662109375,-30.0,180.0,-240
frame_0014.jpg,1214.0654296875,1020.8374633789062,0.0,180.0,-240
frame_0014.jpg,1061.92041015625,1032.035888671875,30.0,180.0,-240
frame_0014.jpg,925.6226806640625,1044.3739013671875,60.0,180.0,-240
frame_0014.jpg,804.8768920898438,1058.3055419921875,90.0,180.0,-240
frame_0014.jpg,700.5056762695312,1071.344970703125,120.0,180.0,-240
frame_0014.jpg,609.3236694335938,1084.1566162109375,150.0,180.0,-240
frame_0014.jpg,530.32421875,1095.177978515625,180.0,180.0,-240
frame_0014.jpg,2150.816650390625,946.556884765625,-180.0,210.0,-240
frame_0014.jpg,2015.2852783203125,936.2008056640625,-150.0,210.0,-240
frame_0014.jpg,1869.586181640625,928.1458129882812,-120.0,210.0,-240
frame_0014.jpg,1715.7562255859375,928.319091796875,-90.0,210.0,-240
frame_0014.jpg,1558.6861572265625,928.7137451171875,-60.0,210.0,-240
frame_0014.jpg,1402.98046875,934.202392578125,-30.0,210.0,-240
frame_0014.jpg,1254.567138671875,945.1670532226562,0.0,210.0,-240
frame_0014.jpg,1115.501953125,957.8360595703125,30.0,210.0,-240
frame_0014.jpg,988.1563720703125,968.22021484375,60.0,210.0,-240
frame_0014.jpg,872.4276123046875,981.024169921875,90.0,210.0,-240
frame_0014.jpg,771.2786865234375,997.5939331054688,120.0,210.0,-240
frame_0014.jpg,681.2245483398438,1011.6622924804688,150.0,210.0,-240
frame_0014.jpg,603.2984008789062,1026.3160400390625,180.0,210.0,-240
frame_0014.jpg,2100.42041015625,881.1224975585938,-180.0,240.0,-240
frame_0014.jpg,1974.6868896484375,875.3207397460938,-150.0,240.0,-240
frame_0014.jpg,1841.27734375,870.9844970703125,-120.0,240.0,-240
frame_0014.jpg,1703.1390380859375,867.9485473632812,-90.0,240.0,-240
frame_0014.jpg,1562.3140869140625,870.311767578125,-60.0,240.0,-240
frame_0014.jpg,1422.1390380859375,875.633056640625,-30.0,240.0,-240
frame_0014.jpg,1287.7908935546875,884.9502563476562,0.0,240.0,-240
frame_0014.jpg,1159.92529296875,894.0917358398438,30.0,240.0,-240
frame_0014.jpg,1040.532470703125,906.3372192382812,60.0,240.0,-240
frame_0014.jpg,933.5470581054688,920.4592895507812,90.0,240.0,-240
frame_0014.jpg,834.94873046875,934.835205078125,120.0,240.0,-240
frame_0014.jpg,742.5341796875,949.8561401367188,150.0,240.0,-240
frame_0014.jpg,668.5419311523438,965.2991333007812,180.0,240.0,-240
frame_0014.jpg,2165.73388671875,836.8837280273438,-210.0,270.0,-240
frame_0014.jpg,2057.880615234375,828.094482421875,-180.0,270.0,-240
frame_0014.jpg,1941.77099609375,822.183837890625,-150.0,270.0,-240
frame_0014.jpg,1818.686767578125,818.9952392578125,-120.0,270.0,-240
frame_0014.jpg,1692.796630859375,817.26123046875,-90.0,270.0,-240
frame_0014.jpg,1564.6939697265625,819.4170532226562,-60.0,270.0,-240
frame_0014.jpg,1437.8897705078125,823.9747924804688,-30.0,270.0,-240
frame_0014.jpg,1314.556396484375,832.487548828125,0.0,270.0,-240
frame_0014.jpg,1196.994140625,841.7559814453125,30.0,270.0,-240
frame_0014.jpg,1089.7314453125,855.7648315429688,60.0,270.0,-240
frame_0014.jpg,984.016845703125,868.8421630859375,90.0,270.0,-240
frame_0014.jpg,889.8196411132812,883.246337890625,120.0,270.0,-240
frame_0014.jpg,804.3050537109375,897.728515625,150.0,270.0,-240
frame_0014.jpg,726.213134765625,912.177490234375,180.0,270.0,-240
frame_0014.jpg,1912.170166015625,779.8179321289062,-150.0,300.0,-240
frame_0014.jpg,1799.375,774.7907104492188,-120.0,300.0,-240
frame_0014.jpg,1683.904541015625,774.241943359375,-90.0,300.0,-240
frame_0014.jpg,1567.097900390625,776.77978515625,-60.0,300.0,-240
frame_0014.jpg,1450.7783203125,780.6881713867188,-30.0,300.0,-240
frame_0014.jpg,1337.242431640625,787.8373413085938,0.0,300.0,-240
frame_0014.jpg,1229.892578125,797.41845703125,30.0,300.0,-240
frame_0014.jpg,1125.7630615234375,810.4156494140625,60.0,300.0,-240
frame_0014.jpg,1028.423095703125,823.0589599609375,90.0,300.0,-240
frame_0014.jpg,937.8782348632812,836.1679077148438,120.0,300.0,-240
frame_0014.jpg,855.7174072265625,849.928955078125,150.0,300.0,-240
frame_0014.jpg,779.3739624023438,867.0848999023438,180.0,300.0,-240
frame_0014.jpg,711.5626831054688,879.2308349609375,210.0,300.0,-240
frame_0014.jpg,1887.3037109375,742.2611694335938,-150.0,330.0,-240
frame_0014.jpg,1783.0408935546875,738.80322265625,-120.0,330.0,-240
frame_0014.jpg,1676.682861328125,737.695068359375,-90.0,330.0,-240
frame_0014.jpg,1568.6668701171875,738.6754760742188,-60.0,330.0,-240
frame_0014.jpg,1461.798095703125,742.7674560546875,-30.0,330.0,-240
frame_0014.jpg,1355.929931640625,750.4591064453125,0.0,330.0,-240
frame_0014.jpg,1256.206298828125,760.9796142578125,30.0,330.0,-240
frame_0014.jpg,1159.3916015625,770.1719360351562,60.0,330.0,-240
frame_0014.jpg,1066.7181396484375,782.036865234375,90.0,330.0,-240
frame_0014.jpg,825.8452758789062,824.10400390625,180.0,330.0,-240
frame_0014.jpg,758.16064453125,840.8839721679688,210.0,330.0,-240
frame_0014.jpg,2050.354736328125,725.5264892578125,-210.0,360.0,-240
frame_0014.jpg,1960.6888427734375,718.6030883789062,-180.0,360.0,-240
frame_0014.jpg,1670.1444091796875,708.024658203125,-90.0,360.0,-240
frame_0014.jpg,1570.3094482421875,709.6084594726562,-60.0,360.0,-240
