pixel_x,pixel_y,square_x,square_y
7.31177589270078,712.8185446538048,0.0,2.0
43.04983359607638,670.3192327903312,0.0,3.0
80.71967820233715,626.8540274754148,0.0,4.0
117.42362935715539,588.2182894177115,0.0,5.0
152.19579360908835,556.3438055201062,0.0,6.0
22.766071115782097,718.6139053624603,1.0,2.0
61.4018091734855,672.2510196932163,1.0,3.0
101.96933413407396,625.8881340239723,1.0,4.0
138.6732852888922,588.2182894177115,1.0,5.0
171.51366263794012,557.3096989715488,1.0,6.0
2.055806850241538,784.7871443338229,2.0,1.0
41.65570425983378,727.1872935562342,2.0,2.0
82.45559856062573,676.7874241258442,2.0,3.0
125.6554866438172,631.187542260253,2.0,4.0
163.45538871660972,590.3876479594611,2.0,5.0
202.45528768060205,554.3877412234682,2.0,6.0
20.834284212896932,797.8171683807523,3.0,1.0
64.2994895278132,735.9999874884269,3.0,2.0
109.69648174561473,679.978167304757,3.0,3.0
154.12758051197352,632.6493881840703,3.0,4.0
195.66099892400473,588.2182894177115,3.0,5.0
232.36495007882297,550.5484448114506,3.0,6.0
4.414095538372976,887.6452593649126,4.0,0.0
44.01572704751891,812.3055701523909,4.0,1.0
90.37861271676297,746.6248154542952,4.0,2.0
138.6732852888922,683.8417411105273,4.0,3.0
186.96795786102143,632.6493881840703,4.0,4.0
230.4331631759378,585.3206090633837,4.0,5.0
270.03479468508374,544.7530841027951,4.0,6.0
30.493218727322756,913.7243825538624,5.0,0.0
73.95842404223902,833.5552260841279,5.0,1.0
124.18488351725341,756.2837499687212,5.0,2.0
176.34312989515297,688.6712083677402,5.0,3.0
224.6378024672822,632.6493881840703,5.0,4.0
271.00068813652626,583.3888221604985,5.0,5.0
310.6023196456723,542.82129719991,5.0,6.0
68.16306333358352,949.462440257238,6.0,0.0
114.52594900282759,854.8048820158647,6.0,1.0
166.68419538072715,765.942684483147,6.0,2.0
220.77422866151187,694.4665690763957,6.0,3.0
271.9665815879689,630.7176012811851,6.0,4.0
319.2953607086555,578.5593549032856,6.0,5.0
358.89699221780154,536.060043039812,6.0,6.0
115.49184245427023,983.2687110577284,7.0,0.0
164.75240847784198,879.9181117533719,7.0,1.0
221.7401221129545,781.3969797062283,7.0,2.0
275.83015539373923,698.3301428821661,7.0,3.0
327.9884017716388,629.7517078297426,7.0,4.0
374.35128744088286,571.7981007431875,7.0,5.0
416.8505993043565,533.1623626854841,7.0,6.0
180.2067037009234,1035.426957435628,8.0,0.0
227.53548282161,910.8267021995346,8.0,1.0
287.4208768110502,794.9194880264245,8.0,2.0
344.40859044616275,705.0913970422641,8.0,3.0
397.53273027550483,631.6834947326278,8.0,4.0
440.9979355904212,572.7639941946301,8.0,5.0
476.7359932937969,527.3670019768286,8.0,6.0
505.7127968370743,486.7994770162401,8.0,7.0
533.7237069289093,458.78856692440513,8.0,8.0
269.0689012336411,1090.4828841678552,9.0,0.0
315.43178690288516,942.7011860971398,9.0,1.0
371.45360708655505,814.2373570552762,9.0,2.0
428.4413207216677,708.9549708480345,9.0,3.0
474.80420639091165,630.7176012811851,9.0,4.0
515.3717313515002,566.002740034532,9.0,5.0
545.3144283462203,523.5034281710583,9.0,6.0
571.3935515351701,485.83358356479755,9.0,7.0
592.643207466907,454.9249931186348,9.0,8.0
403.32809098416044,1145.5388109000826,10.0,0.0
439.06614868753593,977.4733503490729,10.0,1.0
489.29260816255044,830.6575457298002,10.0,2.0
535.6554938317944,715.7162250081326,10.0,3.0
574.2912318894979,626.8540274754148,10.0,4.0
604.233928884218,566.002740034532,10.0,5.0
587.813740209694,1199.6288441808674,11.0,0.0
609.0633961414309,1010.3137276981208,11.0,1.0
373.455308660511,573.9350023771991,7.0,5.0
414.0741310712409,531.4269324124817,7.0,6.0
345.1165953506994,706.1823311563197,8.0,3.0
396.12627930836027,630.6124289968222,8.0,4.0
440.52359682706503,572.9903786002053,8.0,5.0
475.47467657583263,526.7038135275131,8.0,6.0
505.7026374396316,488.91886244776435,8.0,7.0
372.17497882129857,815.0514933899136,9.0,2.0
426.1592949241066,711.1903634964677,9.0,3.0
473.6889645363614,630.8006753868514,9.0,4.0
515.3507737026589,568.601354659703,9.0,5.0
544.1032898878501,525.1791873596184,9.0,6.0
571.0954479392542,488.79845259468243,9.0,7.0
401.79402197032255,1149.210882566374,10.0,0.0
441.46822060405873,980.1232264844982,10.0,1.0
488.69940945374475,831.8172934964844,10.0,2.0
534.0413507494432,715.6285689262569,10.0,3.0
572.7709256061858,628.7231814428347,10.0,4.0
602.9988864699847,566.3780121612493,10.0,5.0
624.7252333408403,521.0360708655508,10.0,6.0
643.6177088807146,485.14036733978946,10.0,7.0
586.9402822610914,1198.3313189700475,11.0,0.0
609.6112529089407,1009.4065635713035,11.0,1.0
637.9499662187523,844.0974025974027,11.0,2.0
664.3994319745764,719.4070640342318,11.0,3.0
686.125778845432,627.778557665841,11.0,4.0
702.1843830543253,563.5441408302681,11.0,5.0
713.5198683782498,520.0914470885571,11.0,6.0
722.0214823711933,481.3618722318146,11.0,7.0
810.8161174086028,1221.0022896178966,12.0,0.0
809.8714936316092,1021.6866726722219,12.0,1.0
807.0376223006281,848.8205214823713,12.0,2.0
806.0929985236342,719.4070640342318,12.0,3.0
807.0376223006281,629.6678052198286,12.0,4.0
805.1483747466405,564.4887646072619,12.0,5.0
805.1483747466405,521.0360708655508,12.0,6.0
802.3145034156594,480.4172484548209,12.0,7.0
1033.7473287791206,1194.5528238620725,13.0,0.0
1006.3532392463028,1008.4619397943098,13.0,1.0
978.014525936491,840.3189074894278,13.0,2.0
950.6204364036732,719.4070640342318,13.0,3.0
925.1155944248428,626.8339338888474,13.0,4.0
910.9462377699369,562.5995170532744,13.0,5.0
894.8876335610439,518.2021995345697,13.0,6.0
887.3306433450941,479.4726246778272,13.0,7.0
1217.9489652928958,1140.7092685734306,14.0,0.0
1173.551647774191,974.4554838225359,14.0,1.0
1126.320458924505,825.2049270575283,14.0,2.0
1078.1446462978254,709.9608262642946,14.0,3.0
1037.5258238870954,624.9446863348599,14.0,4.0
1007.2978630232965,566.3780121612493,14.0,5.0
982.7376448214598,520.0914470885571,14.0,6.0
960.0666741736104,482.3064960088084,14.0,7.0
1351.14091784901,1077.4194755148515,15.0,0.0
1301.0758576683431,933.8366614118061,15.0,1.0
1240.619935940745,805.3678277406602,15.0,2.0
1185.8317568751092,704.2930836023323,15.0,3.0
1136.711320471436,625.8893101118537,15.0,4.0
1096.092498060706,568.2672597152367,15.0,5.0
1063.9752896429195,521.9806946425446,15.0,6.0
1034.6919525561143,485.14036733978946,15.0,7.0
1438.990929109426,1019.7974251182345,16.0,0.0
1389.8704927057527,901.7194529940195,16.0,1.0
1329.4145709781546,790.2538473087608,16.0,2.0
1269.9032730275503,698.6253409403699,16.0,3.0
1216.0597177389084,624.9446863348599,16.0,4.0
1168.8285288892223,569.2118834922305,16.0,5.0
1132.932825363461,524.8145659735256,16.0,6.0
1102.704864499662,487.02961489377697,16.0,7.0
1453.1602857643318,869.6022445762331,17.0,1.0
1394.5936115907211,776.0844906538549,17.0,2.0
1336.0269374171107,693.9022220554014,17.0,3.0
1284.0726296824562,624.9446863348599,17.0,4.0
1237.7860646097638,570.1565072692242,17.0,5.0
1197.167242199034,527.6484373045068,17.0,6.0
1448.437166879363,759.081262667968,18.0,2.0
1392.7043640367338,686.3452318394517,18.0,3.0
1337.9161849710981,624.9446863348599,18.0,4.0
1291.6296198984057,572.0457548232116,18.0,5.0
1251.9554212646697,533.3161799664691,18.0,6.0
1438.0463053324322,679.7328654004956,19.0,3.0
1388.925868928759,625.8893101118537,19.0,4.0
1337.9161849710981,573.9350023771991,19.0,5.0
1300.1312338913492,537.094675074444,19.0,6.0
1469.218889973225,674.0651227385333,20.0,3.0
1425.766196231514,624.0000625578662,20.0,4.0
1381.3688787128092,577.713497485174,20.0,5.0
1342.6393038560666,538.9839226284315,20.0,6.0
1458.8280284262942,619.2769436728976,21.0,4.0
1416.3199584615768,575.8242499311865,21.0,5.0
1379.4796311588218,542.7624177364064,21.0,6.0
1217.631997097315,1139.3551660285766,14.0,0.0
1176.3087731151315,975.8589320121113,14.0,1.0
1122.4089157470662,827.6343242499313,14.0,2.0
1078.3906988964793,712.647961864725,14.0,3.0
1349.6866476490754,1076.4719990991666,15.0,0.0
1300.2784450616823,935.4340389860622,15.0,1.0
1241.8869329129445,806.9727122588395,15.0,2.0
1185.2920826764757,701.8679903911119,15.0,3.0
1137.6805420013513,624.6115281635514,15.0,4.0
1096.357318019168,567.1183469709482,15.0,5.0
1064.0174035983287,522.201799164227,15.0,6.0
1441.3164051747867,1020.7754798188325,16.0,0.0
1388.3148787628556,900.3991316968196,16.0,1.0
1331.720028526387,791.7010860045543,16.0,2.0
1269.7351925531116,700.9696594349774,16.0,3.0
1216.7336661411807,628.2048519880891,16.0,4.0
1171.8171183344593,568.0166779270827,16.0,5.0
1133.1888872206791,524.8967920326303,16.0,6.0
1099.9506418437054,486.2685609188501,16.0,7.0
1502.4029101919277,972.2656081875735,17.0,0.0
1453.8930385606686,868.9575482321147,17.0,1.0
1393.7048644996623,775.5311287941347,17.0,2.0
1337.1100142631935,691.9863498736332,17.0,3.0
1283.210156895128,625.5098591196859,17.0,4.0
1235.5986162200036,569.8133398393516,17.0,5.0
1194.2753922378201,527.5917849010336,17.0,6.0
1550.0144508670521,932.739046117659,18.0,0.0
1501.5045792357932,842.9059505042164,18.0,1.0
1446.7063909115932,760.2595025398494,18.0,2.0
1391.009871631259,685.6980331806923,18.0,3.0
1340.7033380877313,625.5098591196859,18.0,4.0
1293.0917974126069,573.4066636638893,18.0,5.0
1253.5652353426922,531.1851087255714,18.0,6.0
1583.2526962440259,898.6024697845507,19.0,0.0
1538.3361484373047,818.6510146885871,19.0,1.0
1488.0296148937769,744.9878762855642,19.0,2.0
1435.0280884818458,679.4097164877513,19.0,3.0
1385.6198858944526,622.8148662512825,19.0,4.0
1340.7033380877313,576.1016565322925,19.0,5.0
1297.5834521932788,536.5750944623778,19.0,6.0
1608.4059630157897,871.6525411005181,20.0,0.0
1567.9810699897407,802.4810574781674,20.0,1.0
1521.2678602707506,734.2079048119512,20.0,2.0
1470.961326727223,674.9180617070791,20.0,3.0
1425.1464479643673,621.9165352951482,20.0,4.0
1380.229900157646,575.2033255761581,20.0,5.0
1340.7033380877313,541.0667492430499,20.0,6.0
1592.23600580537,782.7177764432101,21.0,1.0
1546.4211270425144,725.224595250607,21.0,2.0
1504.1995721041965,668.6297450141382,21.0,3.0
1458.3846933413408,620.1198733828793,21.0,4.0
1417.0614693591574,577.8983184445614,21.0,5.0
1376.6365763331082,543.7617421114533,21.0,6.0
1610.2026249280586,768.3444811450593,22.0,1.0
1569.7777319020095,714.4446237769938,22.0,2.0
1527.5561769636915,665.0364211896004,22.0,3.0
1485.3346220253736,620.1198733828793,22.0,4.0
1445.808059955459,577.8983184445614,22.0,5.0
1409.874821710082,549.1517278482597,22.0,6.0
1623.677589270075,758.4628406275806,23.0,1.0
1587.744351024698,708.1563070840529,23.0,2.0
1547.3194579986489,661.4430973650628,23.0,3.0
1509.5895578410032,620.1198733828793,23.0,4.0
1470.0629957710885,580.5933113129646,23.0,5.0
1434.1297575257113,549.1517278482597,23.0,6.0
1602.1176463228487,702.7663213472463,24.0,2.0
1567.0827390336062,661.4430973650628,24.0,3.0
1525.7595150514228,619.2215424267449,24.0,4.0
1493.4196006305833,583.288304181368,24.0,5.0
1458.3846933413408,551.8467207166631,24.0,6.0
154.05443548387098,560.2262701612904,0.0,6.0
183.93951612903226,531.816995967742,0.0,7.0
216.77620967741933,506.3593346774194,0.0,8.0
247.7681451612903,481.270625,0.0,9.0
276.9153225806451,462.0851411290323,0.0,10.0
302.741935483871,442.53070564516133,0.0,11.0
321.18951612903226,426.2968346774194,0.0,12.0
176.56048387096774,558.012560483871,1.0,6.0
210.13508064516128,527.3895766129033,1.0,7.0
241.8649193548387,500.4561088709678,1.0,8.0
273.9637096774194,476.84320564516133,1.0,9.0
301.6350806451613,456.9198185483871,1.0,10.0
329.30645161290323,437.7343346774194,1.0,11.0
353.28830645161287,421.13151209677426,1.0,12.0
203.4939516129032,556.1678024193549,2.0,6.0
238.17540322580643,523.3311088709678,2.0,7.0
272.48790322580646,495.65973790322585,2.0,8.0
303.1108870967742,471.67788306451615,2.0,9.0
333.3649193548387,451.0165927419355,2.0,10.0
359.1915322580645,433.3069153225807,2.0,11.0
383.1733870967742,416.3351411290323,2.0,12.0
234.48588709677418,553.216189516129,3.0,6.0
270.2741935483871,519.2726411290323,3.0,7.0
305.32459677419354,491.2323185483871,3.0,8.0
336.68548387096774,466.88151209677426,3.0,9.0
364.72580645161287,446.958125,3.0,10.0
392.3971774193548,427.03473790322585,3.0,11.0
413.79637096774195,410.06296370967743,3.0,12.0
270.2741935483871,545.8371572580645,4.0,6.0
306.80040322580646,514.8452217741935,4.0,7.0
341.11290322580646,484.9601411290323,4.0,8.0
373.5806451612903,460.9782862903226,4.0,9.0
401.6209677419355,441.0548991935484,4.0,10.0
427.8165322580645,422.6073185483871,4.0,11.0
448.10887096774195,406.7423991935484,4.0,12.0
314.5483870967742,540.6718346774194,5.0,6.0
348.491935483871,507.09723790322585,5.0,7.0
383.1733870967742,477.95006048387097,5.0,8.0
414.53427419354836,454.3371572580645,5.0,9.0
440.72983870967744,434.0448185483871,5.0,10.0
465.81854838709677,415.59723790322585,5.0,11.0
484.6350806451613,399.3633669354839,5.0,12.0
359.56048387096774,538.8270766129033,6.0,6.0
395.71774193548384,501.93191532258066,6.0,7.0
429.29233870967744,472.0468346774194,6.0,8.0
457.33266129032256,447.69602822580646,6.0,9.0
483.15927419354836,427.03473790322585,6.0,10.0
505.29637096774195,411.9077217741936,6.0,11.0
525.5887096774193,396.04280241935487,6.0,12.0
414.9032258064516,532.5548991935484,7.0,6.0
448.84677419354836,496.7665927419355,7.0,7.0
480.20766129032256,466.51256048387097,7.0,8.0
507.5100806451613,441.79280241935487,7.0,9.0
530.3850806451612,421.13151209677426,7.0,10.0
551.4153225806451,404.15973790322585,7.0,11.0
566.5423387096773,391.2464314516129,7.0,12.0
474.6733870967742,528.8653830645162,8.0,6.0
504.5584677419355,492.708125,8.0,7.0
532.9677419354839,462.0851411290323,8.0,8.0
556.2116935483871,437.36538306451615,8.0,9.0
575.766129032258,414.8593346774194,8.0,10.0
587.203629032258,401.5770766129033,8.0,11.0
597.9032258064517,388.2948185483871,8.0,12.0
544.0362903225806,526.6516733870968,9.0,6.0
570.6008064516129,489.38756048387097,9.0,7.0
594.2137096774193,458.7645766129033,9.0,8.0
613.0302419354839,432.93796370967743,9.0,9.0
627.7883064516129,413.75247983870975,9.0,10.0
642.9153225806451,394.9359475806452,9.0,11.0
654.7217741935483,378.7020766129033,9.0,12.0
624.8366935483871,521.1173991935484,10.0,6.0
645.1290322580644,486.8048991935484,10.0,7.0
660.2560483870968,456.18191532258066,10.0,8.0
675.383064516129,430.7242540322581,10.0,9.0
514.8891129032259,568.3432056451613,9.0,5.0
604.1754032258063,566.8673991935484,10.0,5.0
441.50940860215053,572.2932190860215,8.0,5.0
473.81048387096774,528.8886491935484,8.0,6.0
506.11155913978496,491.5405309139785,8.0,7.0
532.8608870967741,461.76297715053767,8.0,8.0
556.0772849462365,436.5277620967742,8.0,9.0
574.7513440860215,414.82547715053767,8.0,10.0
590.3971774193549,398.17023521505376,8.0,11.0
600.4912634408602,385.0479233870968,8.0,12.0
513.682123655914,569.2649932795699,9.0,5.0
545.4784946236559,525.3557190860215,9.0,6.0
571.2184139784947,488.5123051075269,9.0,7.0
593.9301075268818,459.2394556451613,9.0,8.0
613.6135752688172,434.0042405913979,9.0,9.0
629.7641129032259,411.797251344086,9.0,10.0
643.391129032258,394.13260080645165,9.0,11.0
654.9993279569893,378.99147177419354,9.0,12.0
604.0241935483871,566.7414717741935,10.0,5.0
624.7170698924731,521.8227889784946,10.0,6.0
644.4005376344087,488.0076008064516,10.0,7.0
660.5510752688172,456.2112298387097,10.0,8.0
675.6922043010753,430.97601478494624,10.0,9.0
685.7862903225807,412.3019556451613,10.0,10.0
695.3756720430108,394.13260080645165,10.0,11.0
702.9462365591398,380.0008803763441,10.0,12.0
700.9274193548388,564.2179502688172,11.0,5.0
711.5262096774194,519.2992674731183,11.0,6.0
722.125,483.4652620967742,11.0,7.0
730.7049731182797,453.6877083333333,11.0,8.0
738.7802419354839,429.9666061827957,11.0,9.0
743.8272849462367,410.7878427419355,11.0,10.0
748.8743279569893,392.6184879032258,11.0,11.0
752.9119623655914,378.4867674731183,11.0,12.0
805.4012096774194,563.713245967742,12.0,5.0
803.8870967741937,517.7851545698925,12.0,6.0
802.877688172043,481.4464448924731,12.0,7.0
803.3823924731183,451.164186827957,12.0,8.0
803.3823924731183,428.4524932795699,12.0,9.0
803.3823924731183,409.2737298387097,12.0,10.0
803.8870967741937,391.60907930107527,12.0,11.0
803.8870967741937,377.47735887096775,12.0,12.0
908.3608870967743,561.6944287634409,13.0,5.0
894.733870967742,519.8039717741935,13.0,6.0
884.1350806451613,482.4558534946236,13.0,7.0
874.0409946236559,452.1735954301075,13.0,8.0
867.9845430107528,427.4430846774194,13.0,9.0
863.4422043010753,409.77843413978496,13.0,10.0
858.3951612903227,392.11378360215053,13.0,11.0
853.8528225806452,378.99147177419354,13.0,12.0
1006.7782258064517,565.2273588709677,14.0,5.0
981.5430107526882,519.8039717741935,14.0,6.0
962.8689516129033,484.47467069892474,14.0,7.0
945.7090053763442,454.19241263440864,14.0,8.0
932.0819892473119,431.9854233870968,14.0,9.0
919.9690860215054,410.2831384408602,14.0,10.0
910.8844086021506,394.6373051075269,14.0,11.0
904.3232526881721,381.01028897849466,14.0,12.0
1096.1108870967741,566.7414717741935,15.0,5.0
1063.3051075268818,521.8227889784946,15.0,6.0
1036.0510752688174,485.48407930107527,15.0,7.0
1012.3299731182797,457.2206384408602,15.0,8.0
994.1606182795699,432.9948319892473,15.0,9.0
978.0100806451613,412.80665994623655,15.0,10.0
963.3736559139786,396.1514180107527,15.0,11.0
953.2795698924732,382.52440188172045,15.0,12.0
1172.3212365591398,571.283810483871,16.0,5.0
1138.0013440860216,526.8698319892474,16.0,6.0
1104.6908602150538,488.5123051075269,16.0,7.0
1074.4086021505377,460.2488642473118,16.0,8.0
1051.6969086021506,437.0324663978495,16.0,9.0
1030.4993279569894,415.8348857526882,16.0,10.0
1013.8440860215054,398.67493951612903,16.0,11.0
999.2076612903227,386.5620362903226,16.0,12.0
1190.9952956989248,526.8698319892474,17.0,6.0
1159.703629032258,493.55934811827956,17.0,7.0
1127.402553763441,464.286498655914,17.0,8.0
1100.6532258064517,441.07010080645165,17.0,9.0
1077.9415322580646,419.8725201612903,17.0,10.0
1059.7721774193549,402.7125739247312,17.0,11.0
1042.6122311827958,389.08555779569895,17.0,12.0
1177.3682795698926,468.32413306451616,18.0,8.0
1149.1048387096776,444.09832661290324,18.0,9.0
1123.869623655914,424.919563172043,18.0,10.0
1102.6720430107528,406.7502083333334,18.0,11.0
1084.5026881720432,392.6184879032258,18.0,12.0
1189.4811827956992,447.63125672043014,19.0,9.0
1166.2647849462367,429.46190188172045,19.0,10.0
1144.0577956989248,411.29254704301076,19.0,11.0
1124.3743279569894,398.17023521505376,19.0,12.0
1181.91061827957,415.8348857526882,20.0,11.0
1160.2083333333335,400.69375672043014,20.0,12.0
1007.1263440860215,564.8302956989248,14.0,5.0
980.1559139784946,519.7657795698925,14.0,6.0
1093.5,564.8302956989248,15.0,5.0
1062.4327956989248,521.131370967742,15.0,6.0
1035.1209677419354,485.2845967741936,15.0,7.0
1012.5887096774194,456.94857526881725,15.0,8.0
993.1290322580645,432.36793010752694,15.0,9.0
977.4247311827957,412.2254569892474,15.0,10.0
967.1827956989247,397.886747311828,15.0,11.0
1140.6129032258063,526.9351344086022,16.0,6.0
1103.4005376344085,488.3571774193549,16.0,7.0
1074.3817204301076,460.3625537634409,16.0,8.0
1051.1666666666667,436.12330645161296,16.0,9.0
1030.3413978494623,415.9808333333334,16.0,10.0
1011.5645161290322,398.56954301075274,16.0,11.0
999.2741935483871,385.93782258064516,16.0,12.0
1192.8467741935483,528.3007258064516,17.0,6.0
1158.024193548387,492.7953494623656,17.0,7.0
1126.9569892473119,465.142123655914,17.0,8.0
1100.6693548387098,441.24427419354845,17.0,9.0
1077.4543010752689,420.4190053763441,17.0,10.0
1057.3118279569892,402.6663172043011,17.0,11.0
1040.5833333333333,389.0104032258065,17.0,12.0
1246.1048387096776,530.6905107526882,18.0,6.0
1211.965053763441,499.28190860215057,18.0,7.0
1178.1666666666667,469.23889784946243,18.0,8.0
1149.8306451612902,444.99965053763447,18.0,9.0
1123.5430107526881,424.8571774193549,18.0,10.0
1102.034946236559,406.4216935483871,18.0,11.0
1084.965053763441,393.7899731182796,18.0,12.0
1296.6317204301076,536.152876344086,19.0,6.0
1259.0779569892475,502.0130913978495,19.0,7.0
1225.279569892473,472.99427419354845,19.0,8.0
1193.8709677419356,449.0964247311828,19.0,9.0
1167.241935483871,429.2953494623656,19.0,10.0
1143.002688172043,411.5426612903226,19.0,11.0
1123.2016129032259,398.56954301075274,19.0,12.0
1335.2096774193549,538.2012634408602,20.0,6.0
1301.0698924731182,504.74427419354845,20.0,7.0
1265.5645161290322,477.77384408602154,20.0,8.0
1234.8387096774195,453.5345967741936,20.0,9.0
1205.8198924731182,434.07491935483876,20.0,10.0
1181.239247311828,417.0050268817205,20.0,11.0
1160.0725806451615,401.642123655914,20.0,12.0
1374.1290322580646,542.2980376344086,21.0,6.0
1337.258064516129,510.5480376344086,21.0,7.0
1304.1424731182797,482.894811827957,21.0,8.0
1270.6854838709678,458.65556451612906,21.0,9.0
1243.3736559139784,438.8544892473119,21.0,10.0
1216.4032258064517,421.44319892473123,21.0,11.0
1194.2123655913979,408.81147849462366,21.0,12.0
1402.465053763441,544.0050268817205,22.0,6.0
1369.6908602150538,514.644811827957,22.0,7.0
1336.233870967742,487.6743817204301,22.0,8.0
1305.508064516129,464.4593279569893,22.0,9.0
1275.8064516129032,443.97545698924733,22.0,10.0
1249.1774193548388,426.90556451612906,22.0,11.0
1228.010752688172,413.24965053763447,22.0,12.0
1430.4596774193549,546.7362096774193,23.0,6.0
1399.3924731182797,519.0829838709678,23.0,7.0
1366.27688172043,493.8195430107527,23.0,8.0
1334.8682795698926,470.9458870967742,23.0,9.0
1304.8252688172042,451.144811827957,23.0,10.0
1277.8548387096776,432.36793010752694,23.0,11.0
1255.6639784946237,417.68782258064516,23.0,12.0
1454.3575268817206,548.4431989247312,24.0,6.0
1422.266129032258,522.8383602150539,24.0,7.0
1391.8817204301076,497.9163172043011,24.0,8.0
1360.47311827957,474.70126344086026,24.0,9.0
1331.7956989247311,454.55879032258065,24.0,10.0
1304.483870967742,437.8302956989248,24.0,11.0
1285.024193548387,424.5157795698925,24.0,12.0
